<?xml version="1.0"?>
<FileZilla3 version="3.40.0" platform="windows">
	<Settings>
		<Setting name="Update Check">0</Setting>
		<Setting name="Update Check Interval">7</Setting>
		<Setting name="Last local directory">L:\</Setting>
		<Setting name="Greeting version">3.40.0</Setting>
		<Setting name="Prompt password save">0</Setting>
		<Setting name="Window position and size">0 240 30 1184 841 </Setting>
		<Setting name="Splitter positions (v2)">97 -131 500000000 227 227 500000000</Setting>
		<Setting name="Queue column widths">180 60 180 80 60 150</Setting>
		<LastServer>
			<Host>192.168.1.65</Host>
			<Port>2121</Port>
			<Protocol>0</Protocol>
			<Type>0</Type>
			<Logontype>0</Logontype>
			<TimezoneOffset>0</TimezoneOffset>
			<PasvMode>MODE_DEFAULT</PasvMode>
			<MaximumMultipleConnections>0</MaximumMultipleConnections>
			<EncodingType>Auto</EncodingType>
			<BypassProxy>0</BypassProxy>
		</LastServer>
		<Setting name="Last Server Path">1 0 8 Training</Setting>
		<Setting name="Local filelist colwidths">120 80 100 120</Setting>
		<Setting name="Local filelist shown columns">1111</Setting>
		<Setting name="Local filelist column order">0,1,2,3</Setting>
		<Setting name="Remote filelist colwidths">183 75 80 100 80 80</Setting>
		<Setting name="Remote filelist shown columns">111111</Setting>
		<Setting name="Remote filelist column order">0,1,2,3,4,5</Setting>
		<Setting name="Local filelist sortorder">0 0</Setting>
		<Setting name="Remote filelist sortorder">0 0</Setting>
		<Setting name="Tab data">
			<Tabs>
				<Tab selected="1">
					<Host />
					<Port>21</Port>
					<Protocol>-1</Protocol>
					<Type>0</Type>
					<Logontype>0</Logontype>
					<TimezoneOffset>0</TimezoneOffset>
					<PasvMode>MODE_DEFAULT</PasvMode>
					<MaximumMultipleConnections>0</MaximumMultipleConnections>
					<EncodingType>Auto</EncodingType>
					<BypassProxy>0</BypassProxy>
					<Site></Site>
					<RemotePath></RemotePath>
					<LocalPath>C:\Users\user\</LocalPath>
				</Tab>
			</Tabs>
		</Setting>
	</Settings>
</FileZilla3>
