<?xml version="1.0"?>
<FileZilla3 version="3.40.0" platform="windows">
	<Layout Builddate="2019-01-25" Buildtime="14:40:04">
		<Resources>
			<xrc file="certificate.xrc" date="1548423820" />
			<xrc file="dialogs.xrc" date="1548423820" />
			<xrc file="inputdialog.xrc" date="1548423820" />
			<xrc file="menus.xrc" date="1515416630" />
			<xrc file="netconfwizard.xrc" date="1548423820" />
			<xrc file="settings.xrc" date="1548423820" />
			<xrc file="sitemanager.xrc" date="1548423820" />
			<xrc file="storj.xrc" date="1548423820" />
			<xrc file="update.xrc" date="1548423820" />
		</Resources>
		<Language id="default" date="">
			<Font font="0;-12;0;0;0;400;0;0;0;1;0;0;0;0;Segoe UI" width="669" height="15" />
		</Language>
	</Layout>
</FileZilla3>
