<?xml version="1.0" encoding="UTF-8"?>
<FileZilla3 version="3.30.0" platform="windows">
	<RecentServers>
		<Server>
			<Host>192.168.1.65</Host>
			<Port>2121</Port>
			<Protocol>0</Protocol>
			<Type>0</Type>
			<Logontype>0</Logontype>
			<TimezoneOffset>0</TimezoneOffset>
			<PasvMode>MODE_DEFAULT</PasvMode>
			<MaximumMultipleConnections>0</MaximumMultipleConnections>
			<EncodingType>Auto</EncodingType>
			<BypassProxy>0</BypassProxy>
		</Server>
		<Server>
			<Host>192.168.1.65</Host>
			<Port>21</Port>
			<Protocol>0</Protocol>
			<Type>0</Type>
			<User>2121</User>
			<Pass encoding="base64" />
			<Logontype>1</Logontype>
			<TimezoneOffset>0</TimezoneOffset>
			<PasvMode>MODE_DEFAULT</PasvMode>
			<MaximumMultipleConnections>0</MaximumMultipleConnections>
			<EncodingType>Auto</EncodingType>
			<BypassProxy>0</BypassProxy>
		</Server>
	</RecentServers>
</FileZilla3>
